"high_flow","high_shower_usage","online_status","AverageMonthlyConsumption","ID"
FALSE,FALSE,"ACTIVE",17330,"3004478961"
FALSE,FALSE,"ACTIVE",11696,"3004521048"
FALSE,FALSE,"ACTIVE",19096,"3100250014"
FALSE,FALSE,"INACTIVE",10260,"3100250026"
FALSE,FALSE,"ACTIVE",14422,"3100250206"
FALSE,FALSE,"INACTIVE",1801,"3100250162"
FALSE,FALSE,"INACTIVE",6241,"3005448567"
FALSE,FALSE,"INACTIVE",11876,"3100159983"
FALSE,FALSE,"INACTIVE",6236,"3005448527"
FALSE,FALSE,"ACTIVE",9322,"3100250354"
FALSE,FALSE,"INACTIVE",8141,"3100159619"
FALSE,FALSE,"ACTIVE",7949,"3005448615"
FALSE,FALSE,"ACTIVE",18447,"3005448515"
FALSE,FALSE,"INACTIVE",4351,"3005448579"
FALSE,FALSE,"ACTIVE",9862,"3100159639"
FALSE,FALSE,"ACTIVE",26644,"3004479342"
FALSE,TRUE,"INACTIVE",24053,"3100159915"
FALSE,FALSE,"ACTIVE",18158,"3004479059"
FALSE,FALSE,"ACTIVE",26517,"3004479091"
FALSE,FALSE,"INACTIVE",23132,"3004521061"
FALSE,FALSE,"INACTIVE",11160,"3005448607"
FALSE,FALSE,"ACTIVE",16977,"3005448659"
FALSE,FALSE,"ACTIVE",7885,"3100159655"
FALSE,FALSE,"ACTIVE",19317,"3004479020"
FALSE,FALSE,"ACTIVE",12371,"3004479731"
FALSE,FALSE,"ACTIVE",6006,"3004520700"
FALSE,FALSE,"ACTIVE",15917,"3100249934"
FALSE,FALSE,"ACTIVE",4435,"3005448471"
FALSE,FALSE,"ACTIVE",15792,"3100159935"
FALSE,FALSE,"ACTIVE",8213,"3004479408"
FALSE,FALSE,"INACTIVE",10095,"3005448487"
FALSE,FALSE,"INACTIVE",5789,"3100159867"
FALSE,FALSE,"ACTIVE",12358,"3004478999"
FALSE,FALSE,"ACTIVE",16391,"3004521715"
FALSE,FALSE,"INACTIVE",4284,"3100250270"
FALSE,FALSE,"ACTIVE",15643,"3100250038"
FALSE,FALSE,"ACTIVE",2643,"3100250218"
FALSE,FALSE,"INACTIVE",7340,"3100250042"
FALSE,TRUE,"ACTIVE",18110,"3100250058"
FALSE,FALSE,"INACTIVE",4730,"3005448439"
FALSE,FALSE,"INACTIVE",8517,"3004522239"
FALSE,FALSE,"INACTIVE",4430,"3100159599"
FALSE,TRUE,"INACTIVE",12516,"3004478892"
FALSE,FALSE,"INACTIVE",7395,"3100250234"
FALSE,FALSE,"INACTIVE",8118,"3004522045"
FALSE,FALSE,"INACTIVE",25490,"3004478658"
FALSE,FALSE,"INACTIVE",5806,"3004522310"
FALSE,TRUE,"INACTIVE",20445,"3004478742"
FALSE,FALSE,"INACTIVE",7237,"3100159927"
FALSE,FALSE,"ACTIVE",4249,"3100250018"
FALSE,FALSE,"INACTIVE",7218,"3004479786"
FALSE,FALSE,"INACTIVE",6520,"3004521658"
FALSE,FALSE,"ACTIVE",8906,"3100159555"
FALSE,FALSE,"INACTIVE",12646,"3004521979"
FALSE,FALSE,"ACTIVE",30464,"3004479917"
FALSE,FALSE,"ACTIVE",15310,"3004479927"
FALSE,FALSE,"ACTIVE",20316,"3004521692"
FALSE,FALSE,"INACTIVE",18135,"3004522297"
FALSE,FALSE,"INACTIVE",6432,"3100250074"
FALSE,FALSE,"INACTIVE",4461,"3100250138"
FALSE,FALSE,"INACTIVE",10678,"3100250278"
FALSE,FALSE,"INACTIVE",13990,"3100249982"
FALSE,FALSE,"ACTIVE",7935,"3100250358"
FALSE,FALSE,"ACTIVE",11760,"3100249942"
FALSE,FALSE,"ACTIVE",6206,"3005448611"
FALSE,FALSE,"INACTIVE",19979,"3100159523"
FALSE,FALSE,"ACTIVE",7539,"3100159727"
FALSE,FALSE,"ACTIVE",15512,"3004521680"
FALSE,FALSE,"ACTIVE",5210,"3100250326"
FALSE,FALSE,"ACTIVE",11707,"3005448767"
FALSE,FALSE,"ACTIVE",10994,"3005448451"
TRUE,TRUE,"ACTIVE",28521,"3100250062"
FALSE,FALSE,"ACTIVE",3004,"3005448459"
FALSE,FALSE,"INACTIVE",10949,"3100250198"
FALSE,FALSE,"ACTIVE",10104,"3005448651"
FALSE,FALSE,"ACTIVE",12317,"3004521123"
FALSE,FALSE,"ACTIVE",4913,"3100250066"
FALSE,FALSE,"ACTIVE",7265,"3100159747"
FALSE,FALSE,"INACTIVE",13265,"3100159911"
FALSE,FALSE,"ACTIVE",4077,"3100159507"
FALSE,FALSE,"INACTIVE",2770,"3100250306"
FALSE,FALSE,"ACTIVE",8648,"3005448631"
FALSE,TRUE,"ACTIVE",15679,"3004479551"
FALSE,FALSE,"ACTIVE",4181,"3004521705"
FALSE,FALSE,"INACTIVE",18125,"3100159891"
FALSE,FALSE,"ACTIVE",9062,"3100159859"
FALSE,FALSE,"ACTIVE",13160,"3100159799"
FALSE,FALSE,"ACTIVE",4320,"3005448519"
FALSE,FALSE,"ACTIVE",2342,"3004479332"
FALSE,FALSE,"ACTIVE",3667,"3100250114"
FALSE,FALSE,"ACTIVE",5491,"3100250002"
FALSE,FALSE,"ACTIVE",6330,"3100250246"
FALSE,FALSE,"INACTIVE",7907,"3005448467"
FALSE,FALSE,"ACTIVE",11186,"3005448687"
FALSE,FALSE,"ACTIVE",9337,"3100160007"
FALSE,FALSE,"ACTIVE",9853,"3100159683"
FALSE,TRUE,"ACTIVE",24081,"3100159971"
FALSE,FALSE,"ACTIVE",6067,"3005448743"
FALSE,FALSE,"ACTIVE",3283,"3005448447"
FALSE,FALSE,"ACTIVE",4424,"3100159575"
FALSE,FALSE,"ACTIVE",11625,"3004520778"
FALSE,FALSE,"ACTIVE",8691,"3100159743"
FALSE,FALSE,"ACTIVE",4702,"3100159811"
FALSE,FALSE,"ACTIVE",9171,"3100159579"
FALSE,FALSE,"ACTIVE",22403,"3100249890"
FALSE,FALSE,"ACTIVE",1378,"3100250250"
FALSE,FALSE,"ACTIVE",6027,"3100250170"
FALSE,FALSE,"ACTIVE",14526,"3004521454"
FALSE,FALSE,"INACTIVE",22509,"3004521473"
FALSE,FALSE,"ACTIVE",6525,"3100250314"
FALSE,TRUE,"ACTIVE",21756,"3100159963"
FALSE,FALSE,"INACTIVE",4135,"3004522014"
FALSE,FALSE,"ACTIVE",11285,"3004479948"
FALSE,FALSE,"ACTIVE",8146,"3004520929"
FALSE,FALSE,"ACTIVE",24675,"3004521232"
FALSE,FALSE,"ACTIVE",13208,"3004521613"
FALSE,FALSE,"ACTIVE",12133,"3004520810"
FALSE,FALSE,"ACTIVE",2389,"3100250210"
FALSE,FALSE,"ACTIVE",9953,"3100159839"
FALSE,FALSE,"ACTIVE",16068,"3100159723"
FALSE,FALSE,"ACTIVE",13375,"3004521783"
TRUE,TRUE,"INACTIVE",36383,"3100250194"
FALSE,FALSE,"INACTIVE",9468,"3005448483"
FALSE,FALSE,"INACTIVE",12157,"3100250130"
FALSE,FALSE,"INACTIVE",1431,"3004479897"
FALSE,FALSE,"ACTIVE",9973,"3005448435"
FALSE,FALSE,"ACTIVE",13126,"3100249906"
FALSE,FALSE,"ACTIVE",12642,"3100249954"
FALSE,FALSE,"ACTIVE",10026,"3100159939"
FALSE,FALSE,"ACTIVE",1330,"3100250146"
FALSE,FALSE,"ACTIVE",9513,"3100159803"
FALSE,FALSE,"ACTIVE",7523,"3005448715"
FALSE,FALSE,"ACTIVE",5832,"3005448699"
FALSE,FALSE,"ACTIVE",11601,"3004522229"
FALSE,FALSE,"INACTIVE",8556,"3100159771"
FALSE,FALSE,"INACTIVE",13727,"3100159651"
FALSE,FALSE,"ACTIVE",13346,"3004521743"
FALSE,FALSE,"INACTIVE",11817,"3004522092"
FALSE,FALSE,"ACTIVE",4676,"3004521305"
FALSE,FALSE,"ACTIVE",24658,"3004521366"
FALSE,FALSE,"INACTIVE",14188,"3004521770"
FALSE,FALSE,"ACTIVE",5790,"3100159879"
FALSE,FALSE,"ACTIVE",9424,"3005448791"
FALSE,FALSE,"ACTIVE",12072,"3004522126"
FALSE,FALSE,"INACTIVE",3988,"3005448647"
FALSE,FALSE,"INACTIVE",14074,"3100159967"
FALSE,FALSE,"INACTIVE",13956,"3100250338"
FALSE,FALSE,"ACTIVE",5398,"3100250050"
TRUE,TRUE,"ACTIVE",35985,"3005448479"
FALSE,FALSE,"INACTIVE",13085,"3005448543"
FALSE,FALSE,"ACTIVE",5708,"3005448431"
FALSE,FALSE,"ACTIVE",4752,"3005448635"
FALSE,FALSE,"INACTIVE",4774,"3100159591"
FALSE,FALSE,"INACTIVE",1465,"3100250082"
FALSE,FALSE,"ACTIVE",15994,"3004480243"
FALSE,FALSE,"INACTIVE",7577,"3100159531"
FALSE,FALSE,"ACTIVE",6923,"3100159667"
FALSE,FALSE,"INACTIVE",11507,"3004478810"
FALSE,FALSE,"INACTIVE",8203,"3005448755"
FALSE,FALSE,"ACTIVE",11949,"3004479444"
FALSE,FALSE,"INACTIVE",6621,"3005448703"
FALSE,FALSE,"INACTIVE",21430,"3004521824"
FALSE,TRUE,"ACTIVE",19808,"3005448723"
FALSE,FALSE,"ACTIVE",5044,"3100159659"
FALSE,FALSE,"INACTIVE",20347,"3004520791"
FALSE,FALSE,"INACTIVE",4458,"3100250078"
FALSE,FALSE,"INACTIVE",9558,"3004520724"
FALSE,FALSE,"ACTIVE",8050,"3004520954"
FALSE,FALSE,"INACTIVE",11821,"3004520840"
FALSE,TRUE,"INACTIVE",18996,"3004520867"
FALSE,FALSE,"INACTIVE",28549,"3004522256"
FALSE,FALSE,"ACTIVE",11240,"3004478769"
FALSE,FALSE,"ACTIVE",11692,"3004480290"
FALSE,FALSE,"ACTIVE",17303,"3004478847"
FALSE,FALSE,"INACTIVE",18131,"3004521564"
FALSE,FALSE,"ACTIVE",16252,"3004479045"
FALSE,FALSE,"ACTIVE",17629,"3004478795"
FALSE,FALSE,"ACTIVE",12716,"3100159627"
FALSE,FALSE,"INACTIVE",7612,"3004521137"
FALSE,FALSE,"INACTIVE",5269,"3100250090"
FALSE,FALSE,"INACTIVE",5545,"3100250110"
FALSE,FALSE,"ACTIVE",7687,"3100249914"
FALSE,FALSE,"INACTIVE",16319,"3100250230"
FALSE,FALSE,"INACTIVE",4241,"3100250094"
FALSE,FALSE,"INACTIVE",2841,"3100250154"
FALSE,FALSE,"ACTIVE",5470,"3100249994"
FALSE,FALSE,"INACTIVE",6867,"3100250174"
FALSE,FALSE,"ACTIVE",16662,"3004479975"
FALSE,TRUE,"ACTIVE",37377,"3004479870"
TRUE,TRUE,"ACTIVE",41092,"3004479584"
FALSE,FALSE,"INACTIVE",8510,"3100249938"
FALSE,FALSE,"ACTIVE",9452,"3004480067"
FALSE,FALSE,"ACTIVE",13021,"3005448443"
FALSE,FALSE,"INACTIVE",2483,"3004480168"
FALSE,FALSE,"INACTIVE",5964,"3005448575"
FALSE,FALSE,"ACTIVE",13804,"3004522058"
FALSE,FALSE,"INACTIVE",3673,"3004479244"
FALSE,TRUE,"ACTIVE",19849,"3004479606"
FALSE,FALSE,"INACTIVE",8605,"3004521852"
TRUE,TRUE,"INACTIVE",23089,"3004522137"
FALSE,FALSE,"ACTIVE",14995,"3004480211"
FALSE,FALSE,"INACTIVE",23187,"3004522190"
FALSE,FALSE,"ACTIVE",7238,"3004521097"
FALSE,FALSE,"ACTIVE",12654,"3004522107"
FALSE,FALSE,"INACTIVE",54,"3100249950"
FALSE,FALSE,"ACTIVE",9757,"3004522204"
FALSE,FALSE,"ACTIVE",9957,"3100250010"
FALSE,FALSE,"ACTIVE",16397,"3004520894"
FALSE,FALSE,"INACTIVE",11785,"3100249958"
FALSE,FALSE,"ACTIVE",18307,"3100249970"
FALSE,FALSE,"ACTIVE",16185,"3004480042"
FALSE,FALSE,"INACTIVE",2120,"3100250158"
FALSE,FALSE,"ACTIVE",6783,"3100250030"
FALSE,FALSE,"INACTIVE",7701,"3100250346"
FALSE,FALSE,"ACTIVE",21773,"3100249930"
FALSE,FALSE,"ACTIVE",10326,"3004479799"
FALSE,FALSE,"ACTIVE",1005,"3100250266"
FALSE,FALSE,"ACTIVE",6783,"3005448547"
FALSE,FALSE,"ACTIVE",10132,"3100159611"
FALSE,FALSE,"INACTIVE",20626,"3100159815"
FALSE,FALSE,"INACTIVE",4312,"3100159991"
FALSE,TRUE,"INACTIVE",16156,"3100159587"
FALSE,FALSE,"INACTIVE",6148,"3100159551"
FALSE,FALSE,"INACTIVE",9933,"3100159755"
TRUE,TRUE,"ACTIVE",28298,"3100159827"
FALSE,FALSE,"INACTIVE",4549,"3100159767"
FALSE,FALSE,"ACTIVE",6857,"3005448523"
FALSE,FALSE,"INACTIVE",12819,"3100159871"
FALSE,TRUE,"INACTIVE",21100,"3100159823"
FALSE,FALSE,"INACTIVE",5799,"3100250262"
FALSE,FALSE,"ACTIVE",8844,"3100159635"
FALSE,FALSE,"ACTIVE",16093,"3100159875"
FALSE,FALSE,"ACTIVE",5743,"3005448707"
FALSE,FALSE,"ACTIVE",3581,"3100159787"
FALSE,FALSE,"ACTIVE",3651,"3100159995"
FALSE,FALSE,"INACTIVE",5720,"3100159943"
FALSE,FALSE,"INACTIVE",15544,"3100250350"
FALSE,FALSE,"ACTIVE",5651,"3100159931"
FALSE,FALSE,"ACTIVE",2107,"3005448587"
FALSE,FALSE,"INACTIVE",13103,"3100160011"
FALSE,FALSE,"ACTIVE",3702,"3005448455"
FALSE,FALSE,"ACTIVE",12654,"3100159607"
FALSE,FALSE,"INACTIVE",5805,"3005448779"
FALSE,FALSE,"INACTIVE",3151,"3005448583"
TRUE,TRUE,"ACTIVE",27509,"3100159819"
FALSE,FALSE,"INACTIVE",11087,"3005448663"
FALSE,FALSE,"INACTIVE",10948,"3100159691"
FALSE,FALSE,"INACTIVE",5376,"3005448727"
FALSE,FALSE,"INACTIVE",5221,"3100159923"
FALSE,FALSE,"INACTIVE",12616,"3100159955"
FALSE,FALSE,"ACTIVE",5146,"3100159487"
FALSE,FALSE,"ACTIVE",7563,"3100159759"
FALSE,FALSE,"INACTIVE",2092,"3100159999"
FALSE,FALSE,"INACTIVE",9165,"3100159783"
FALSE,FALSE,"ACTIVE",4165,"3004478988"
FALSE,FALSE,"INACTIVE",12737,"3100159791"
FALSE,FALSE,"INACTIVE",17453,"3004478755"
FALSE,FALSE,"INACTIVE",10075,"3005448775"
FALSE,FALSE,"INACTIVE",9343,"3100159887"
FALSE,FALSE,"INACTIVE",5563,"3100159883"
FALSE,FALSE,"ACTIVE",6819,"3004479193"
FALSE,FALSE,"INACTIVE",6111,"3005448679"
FALSE,FALSE,"ACTIVE",14350,"3004521264"
FALSE,FALSE,"INACTIVE",21559,"3004521172"
FALSE,TRUE,"INACTIVE",29620,"3100159615"
FALSE,FALSE,"INACTIVE",12657,"3004480369"
FALSE,FALSE,"INACTIVE",11132,"3100159895"
FALSE,FALSE,"ACTIVE",9748,"3004478821"
FALSE,FALSE,"ACTIVE",10587,"3100159695"
FALSE,FALSE,"ACTIVE",5565,"3100159903"
TRUE,TRUE,"INACTIVE",54490,"3004521205"
FALSE,FALSE,"INACTIVE",13882,"3100159503"
FALSE,TRUE,"ACTIVE",15060,"3004521017"
FALSE,FALSE,"INACTIVE",15329,"3005448667"
FALSE,FALSE,"ACTIVE",13811,"3005448751"
FALSE,FALSE,"ACTIVE",18203,"3004521507"
FALSE,FALSE,"INACTIVE",7993,"3100159979"
FALSE,FALSE,"ACTIVE",23436,"3100159643"
FALSE,FALSE,"ACTIVE",11607,"3100159715"
FALSE,FALSE,"INACTIVE",6914,"3004480056"
FALSE,FALSE,"ACTIVE",6854,"3004478833"
FALSE,FALSE,"ACTIVE",12801,"3100249986"
FALSE,FALSE,"ACTIVE",1879,"3005448511"
FALSE,FALSE,"ACTIVE",5509,"3100159687"
FALSE,TRUE,"ACTIVE",22163,"3100159631"
FALSE,FALSE,"ACTIVE",14735,"3100159703"
FALSE,FALSE,"ACTIVE",13852,"3100159671"
FALSE,FALSE,"INACTIVE",3275,"3100159675"
FALSE,FALSE,"INACTIVE",7321,"3004522034"
FALSE,FALSE,"INACTIVE",5292,"3100159595"
FALSE,FALSE,"INACTIVE",11294,"3100159535"
FALSE,TRUE,"INACTIVE",16711,"3100159495"
FALSE,FALSE,"ACTIVE",13284,"3004479266"
FALSE,FALSE,"INACTIVE",9736,"3004479744"
FALSE,FALSE,"ACTIVE",12349,"3004479521"
FALSE,FALSE,"ACTIVE",4579,"3100250258"
FALSE,FALSE,"INACTIVE",5686,"3100250150"
FALSE,FALSE,"INACTIVE",9629,"3100250286"
FALSE,FALSE,"INACTIVE",8314,"3100250290"
FALSE,FALSE,"ACTIVE",6033,"3100159563"
FALSE,FALSE,"ACTIVE",19326,"3004479769"
FALSE,FALSE,"ACTIVE",7988,"3004522178"
FALSE,FALSE,"INACTIVE",5160,"3100250254"
FALSE,FALSE,"INACTIVE",3772,"3100250222"
FALSE,FALSE,"INACTIVE",4492,"3005448475"
FALSE,FALSE,"INACTIVE",15364,"3100159719"
FALSE,FALSE,"ACTIVE",2876,"3100159855"
FALSE,FALSE,"INACTIVE",15575,"3004478970"
FALSE,FALSE,"INACTIVE",24075,"3004479690"
FALSE,FALSE,"ACTIVE",19481,"3004480331"
FALSE,FALSE,"ACTIVE",10748,"3004522272"
FALSE,FALSE,"ACTIVE",20543,"3100250190"
FALSE,FALSE,"INACTIVE",3991,"3100250310"
FALSE,FALSE,"ACTIVE",11842,"3100249998"
FALSE,FALSE,"ACTIVE",12097,"3100159835"
FALSE,FALSE,"INACTIVE",15052,"3100159795"
FALSE,FALSE,"ACTIVE",7168,"3004478872"
FALSE,FALSE,"INACTIVE",5267,"3004521221"
FALSE,FALSE,"INACTIVE",15084,"3100249898"
FALSE,FALSE,"INACTIVE",8301,"3100250166"
FALSE,FALSE,"ACTIVE",13947,"3005448603"
FALSE,FALSE,"ACTIVE",12864,"3005448675"
FALSE,FALSE,"ACTIVE",22843,"3005448619"
FALSE,FALSE,"INACTIVE",19079,"3004521588"
FALSE,FALSE,"ACTIVE",12497,"3004521424"
FALSE,FALSE,"ACTIVE",7583,"3005448739"
FALSE,FALSE,"ACTIVE",8737,"3004479996"
FALSE,FALSE,"ACTIVE",15868,"3004479571"
FALSE,FALSE,"ACTIVE",19926,"3004478679"
FALSE,FALSE,"INACTIVE",22094,"3004478696"
FALSE,FALSE,"ACTIVE",22928,"3004479831"
FALSE,FALSE,"ACTIVE",5169,"3004521285"
FALSE,FALSE,"INACTIVE",8828,"3004522164"
FALSE,FALSE,"INACTIVE",1907,"3004520760"
FALSE,FALSE,"INACTIVE",15525,"3100159547"
FALSE,FALSE,"ACTIVE",14528,"3100159567"
FALSE,FALSE,"ACTIVE",4932,"3004479207"
FALSE,FALSE,"INACTIVE",12074,"3100249922"
FALSE,FALSE,"INACTIVE",8257,"3100250102"
FALSE,FALSE,"ACTIVE",14420,"3004478713"
FALSE,FALSE,"INACTIVE",9325,"3004479637"
FALSE,FALSE,"INACTIVE",3890,"3100250086"
FALSE,FALSE,"INACTIVE",2345,"3100250298"
FALSE,FALSE,"ACTIVE",1119,"3005448771"
FALSE,FALSE,"INACTIVE",17448,"3004480018"
TRUE,TRUE,"ACTIVE",31156,"3004479481"
FALSE,TRUE,"ACTIVE",25459,"3004479816"
FALSE,TRUE,"INACTIVE",28794,"3005448415"
FALSE,FALSE,"INACTIVE",0,"3100250274"
FALSE,FALSE,"INACTIVE",2648,"3100250122"
FALSE,FALSE,"INACTIVE",4103,"3100250142"
FALSE,FALSE,"INACTIVE",3323,"3100250294"
FALSE,FALSE,"INACTIVE",2317,"3100250118"
FALSE,FALSE,"INACTIVE",47,"3100250242"
FALSE,FALSE,"INACTIVE",1088,"3100250302"
FALSE,FALSE,"ACTIVE",18438,"3004478784"
FALSE,FALSE,"ACTIVE",5373,"3004480341"
FALSE,FALSE,"ACTIVE",7594,"3100249910"
FALSE,FALSE,"ACTIVE",21305,"3100250054"
FALSE,FALSE,"INACTIVE",3091,"3100159843"
FALSE,FALSE,"ACTIVE",17626,"3004479661"
FALSE,FALSE,"ACTIVE",29066,"3004479421"
FALSE,FALSE,"ACTIVE",2674,"3004480355"
FALSE,FALSE,"ACTIVE",14885,"3004480078"
FALSE,FALSE,"INACTIVE",12246,"3004520911"
FALSE,FALSE,"ACTIVE",15289,"3004521189"
FALSE,FALSE,"ACTIVE",1372,"3100250134"
FALSE,FALSE,"ACTIVE",6321,"3100249974"
FALSE,FALSE,"ACTIVE",19755,"3100250034"
FALSE,FALSE,"INACTIVE",3862,"3100250214"
FALSE,FALSE,"ACTIVE",17509,"3100250334"
FALSE,FALSE,"ACTIVE",8647,"3100250342"
FALSE,FALSE,"ACTIVE",9256,"3100249990"
FALSE,FALSE,"ACTIVE",11370,"3100250006"
FALSE,FALSE,"ACTIVE",17579,"3005448623"
FALSE,FALSE,"INACTIVE",30101,"3004480136"
FALSE,FALSE,"ACTIVE",7924,"3004479139"
FALSE,FALSE,"INACTIVE",10211,"3004521003"
FALSE,FALSE,"ACTIVE",10041,"3004521757"
FALSE,FALSE,"INACTIVE",11205,"3100249978"
FALSE,FALSE,"ACTIVE",11079,"3100250362"
FALSE,FALSE,"ACTIVE",4159,"3005448419"
FALSE,FALSE,"ACTIVE",9410,"3005448683"
FALSE,TRUE,"INACTIVE",22904,"3005448643"
FALSE,FALSE,"INACTIVE",15722,"3005448711"
FALSE,FALSE,"INACTIVE",10929,"3004479171"
FALSE,FALSE,"ACTIVE",12201,"3004480316"
FALSE,FALSE,"ACTIVE",13838,"3004522216"
FALSE,FALSE,"ACTIVE",5842,"3004521398"
FALSE,FALSE,"INACTIVE",3844,"3004522284"
FALSE,FALSE,"INACTIVE",5978,"3004479375"
TRUE,TRUE,"INACTIVE",38316,"3004521490"
FALSE,FALSE,"INACTIVE",25152,"3004479068"
FALSE,FALSE,"ACTIVE",24898,"3004480381"
FALSE,FALSE,"ACTIVE",41483,"3004479149"
FALSE,FALSE,"INACTIVE",11432,"3004480101"
FALSE,FALSE,"INACTIVE",23274,"3004480399"
FALSE,TRUE,"ACTIVE",35191,"3004520967"
FALSE,TRUE,"ACTIVE",23728,"3004521518"
FALSE,FALSE,"ACTIVE",6857,"3004521635"
FALSE,TRUE,"ACTIVE",17460,"3004521085"
FALSE,TRUE,"INACTIVE",23246,"3004521323"
FALSE,FALSE,"INACTIVE",6816,"3004521954"
FALSE,FALSE,"ACTIVE",9422,"3004521354"
FALSE,FALSE,"INACTIVE",7813,"3004521999"
FALSE,FALSE,"ACTIVE",15702,"3004480195"
FALSE,FALSE,"INACTIVE",3537,"3100249918"
FALSE,FALSE,"ACTIVE",13066,"3100250106"
FALSE,FALSE,"ACTIVE",2232,"3100250238"
FALSE,FALSE,"ACTIVE",6879,"3005448495"
FALSE,TRUE,"INACTIVE",23969,"3004521803"
FALSE,FALSE,"INACTIVE",494,"3100250202"
FALSE,FALSE,"ACTIVE",14800,"3100249966"
FALSE,FALSE,"INACTIVE",3738,"3100250098"
FALSE,TRUE,"INACTIVE",34237,"3004478638"
FALSE,FALSE,"ACTIVE",16057,"3004479843"
FALSE,TRUE,"ACTIVE",15030,"3004480116"
FALSE,FALSE,"ACTIVE",10396,"3004479278"
FALSE,TRUE,"ACTIVE",24443,"3004479721"
FALSE,FALSE,"ACTIVE",9354,"3100249894"
FALSE,FALSE,"ACTIVE",6276,"3100250022"
FALSE,FALSE,"ACTIVE",24280,"3100250322"
FALSE,FALSE,"INACTIVE",4212,"3100159515"
FALSE,FALSE,"ACTIVE",17878,"3004521535"
FALSE,FALSE,"INACTIVE",5937,"3004480222"
FALSE,FALSE,"INACTIVE",9395,"3004521867"
FALSE,FALSE,"INACTIVE",12996,"3004521898"
FALSE,FALSE,"INACTIVE",0,"3004521383"
TRUE,TRUE,"INACTIVE",30827,"3004520880"
FALSE,FALSE,"ACTIVE",24438,"3004521153"
FALSE,FALSE,"ACTIVE",18214,"3004521729"
FALSE,TRUE,"ACTIVE",20026,"3100250318"
FALSE,FALSE,"ACTIVE",13382,"3100249902"
FALSE,FALSE,"INACTIVE",9791,"3100249962"
FALSE,FALSE,"INACTIVE",3961,"3100250282"
FALSE,FALSE,"ACTIVE",11347,"3100249926"
FALSE,FALSE,"ACTIVE",25097,"3100250046"
FALSE,FALSE,"ACTIVE",11054,"3100250226"
FALSE,FALSE,"INACTIVE",18176,"3100250178"
FALSE,FALSE,"INACTIVE",13182,"3004521035"
FALSE,FALSE,"INACTIVE",2029,"3100159543"
FALSE,FALSE,"INACTIVE",17691,"3100250182"
FALSE,FALSE,"INACTIVE",5480,"3100249946"
FALSE,FALSE,"ACTIVE",10141,"3005448591"
FALSE,FALSE,"INACTIVE",3483,"3100250126"
FALSE,FALSE,"ACTIVE",16174,"3005448531"
FALSE,FALSE,"INACTIVE",8251,"3005448787"
FALSE,FALSE,"INACTIVE",2976,"3005448535"
FALSE,FALSE,"INACTIVE",3497,"3100250186"
FALSE,FALSE,"ACTIVE",3900,"3005448599"
TRUE,TRUE,"INACTIVE",34048,"3100159951"
FALSE,FALSE,"INACTIVE",13954,"3100159483"
FALSE,FALSE,"INACTIVE",14597,"3100159751"
FALSE,FALSE,"INACTIVE",16157,"3100250366"
FALSE,FALSE,"ACTIVE",9120,"3005448539"
FALSE,FALSE,"ACTIVE",17144,"3005448731"
FALSE,FALSE,"INACTIVE",7568,"3005448671"
FALSE,FALSE,"INACTIVE",3797,"3005448423"
FALSE,FALSE,"INACTIVE",2717,"3005448551"
FALSE,FALSE,"ACTIVE",4240,"3005448555"
FALSE,FALSE,"INACTIVE",11774,"3005448559"
FALSE,FALSE,"ACTIVE",7751,"3005448499"
FALSE,FALSE,"INACTIVE",3458,"3005448563"
FALSE,FALSE,"ACTIVE",4561,"3005448627"
FALSE,FALSE,"INACTIVE",384,"3005448503"
FALSE,FALSE,"ACTIVE",11052,"3005448695"
FALSE,FALSE,"INACTIVE",5253,"3005448759"
FALSE,FALSE,"ACTIVE",12081,"3005448507"
FALSE,FALSE,"INACTIVE",12594,"3005448571"
FALSE,FALSE,"ACTIVE",19261,"3005448763"
FALSE,FALSE,"INACTIVE",1328,"3100159959"
FALSE,FALSE,"INACTIVE",4212,"3100159491"
FALSE,TRUE,"INACTIVE",13066,"3100159899"
FALSE,TRUE,"ACTIVE",38799,"3100159499"
FALSE,FALSE,"INACTIVE",14617,"3100159699"
FALSE,FALSE,"INACTIVE",5255,"3100159907"
FALSE,TRUE,"ACTIVE",16577,"3100159571"
FALSE,FALSE,"INACTIVE",7815,"3100159775"
FALSE,FALSE,"ACTIVE",1411,"3100159511"
FALSE,FALSE,"INACTIVE",12204,"3100159647"
FALSE,FALSE,"INACTIVE",5655,"3100159851"
FALSE,FALSE,"INACTIVE",526,"3100159987"
FALSE,FALSE,"INACTIVE",2837,"3100159559"
FALSE,FALSE,"INACTIVE",14136,"3004479303"
FALSE,FALSE,"INACTIVE",5542,"3100159711"
FALSE,FALSE,"INACTIVE",16748,"3100159779"
FALSE,FALSE,"ACTIVE",3505,"3100159519"
FALSE,FALSE,"INACTIVE",4128,"3100159527"
FALSE,FALSE,"INACTIVE",21272,"3100159663"
FALSE,FALSE,"INACTIVE",11949,"3100160003"
FALSE,FALSE,"INACTIVE",147,"3100159539"
FALSE,FALSE,"ACTIVE",1344,"3100159807"
FALSE,FALSE,"INACTIVE",4131,"3100159947"
FALSE,FALSE,"ACTIVE",2961,"3100160015"
FALSE,FALSE,"INACTIVE",7278,"3004479882"
FALSE,FALSE,"ACTIVE",8337,"3004521276"
FALSE,FALSE,"ACTIVE",10566,"3005448595"
FALSE,FALSE,"INACTIVE",2278,"3005448691"
FALSE,FALSE,"INACTIVE",7487,"3005448463"
FALSE,FALSE,"INACTIVE",56,"3100159919"
FALSE,FALSE,"ACTIVE",5764,"3100159679"
FALSE,TRUE,"INACTIVE",45598,"3004521109"
FALSE,TRUE,"INACTIVE",26986,"3004478908"
FALSE,FALSE,"INACTIVE",11077,"3005448747"
FALSE,FALSE,"INACTIVE",7392,"3005448655"
FALSE,FALSE,"INACTIVE",4108,"3100159603"
FALSE,FALSE,"INACTIVE",14750,"3100159623"
FALSE,FALSE,"INACTIVE",6441,"3100159735"
FALSE,FALSE,"INACTIVE",1888,"3100250070"
FALSE,TRUE,"INACTIVE",18001,"3100159863"
FALSE,FALSE,"INACTIVE",15883,"3005448719"
FALSE,FALSE,"INACTIVE",4730,"3004521247"
FALSE,FALSE,"INACTIVE",8360,"3005448427"
FALSE,FALSE,"ACTIVE",1806,"3005448735"
FALSE,FALSE,"INACTIVE",7380,"3100159831"
FALSE,TRUE,"INACTIVE",19765,"3004478921"
FALSE,FALSE,"INACTIVE",13710,"3004479109"
FALSE,FALSE,"INACTIVE",6929,"3005448491"
FALSE,FALSE,"INACTIVE",27449,"3004521931"
FALSE,FALSE,"INACTIVE",5540,"3100159763"
FALSE,FALSE,"ACTIVE",8227,"3100159847"
FALSE,TRUE,"ACTIVE",6913,"3100159739"
FALSE,FALSE,"INACTIVE",6329,"3100159731"
FALSE,FALSE,"INACTIVE",5972,"3100159707"
FALSE,FALSE,"INACTIVE",5816,"3005448639"
FALSE,FALSE,"INACTIVE",12524,"3004522151"
