"family_id","service_point_sn","meter_type","site","start_date","end_date","duration","min5flow_ave","severity","status","online_status","Comments"
1841,"3003289696","SUB","Yuhua",2018-05-27,NA,8,1,"Severe","Open","INACTIVE",""
2091,"3001051666","SUB","Yuhua",2018-03-06,NA,90,2,"Severe","Open","INACTIVE",""
2092,"3001053298","SUB","Yuhua",2018-05-28,NA,7,1,"Severe","Open","INACTIVE",""
2089,"3001048273","SUB","Yuhua",2018-04-11,NA,54,3,"Severe","Open","INACTIVE",""
2156,"3003486232","SUB","Yuhua",2018-05-26,NA,9,4,"Severe","Open","INACTIVE",""
2342,"3003303751","SUB","Yuhua",2018-03-31,NA,65,1,"Severe","Open","INACTIVE",""
2370,"3003306635","SUB","Yuhua",2018-03-06,NA,90,3,"Severe","Open","INACTIVE",""
2374,"3003304336","SUB","Yuhua",2018-05-17,NA,18,2,"Severe","Open","INACTIVE",""
1838,"3000673213","SUB","Yuhua",2018-03-06,NA,90,2,"Severe","Open","INACTIVE",""
2129,"3003483600","SUB","Yuhua",2018-03-06,NA,90,7,"Severe","Open","INACTIVE",""
2107,"3003484740","SUB","Yuhua",2018-04-23,NA,121,5,"Severe","Open","INACTIVE",""
2110,"3003487432","SUB","Yuhua",2018-03-06,NA,90,3,"Severe","Open","INACTIVE",""
2172,"3003486270","SUB","Yuhua",2018-03-06,NA,90,9,"Severe","Open","INACTIVE",""
2169,"3003483683","SUB","Yuhua",2018-03-06,NA,90,2,"Severe","Open","INACTIVE",""
2307,"3000703248","SUB","Yuhua",2018-05-15,NA,20,4,"Severe","Open","INACTIVE",""
2309,"3000705658","SUB","Yuhua",2018-04-15,NA,50,2,"Severe","Open","INACTIVE",""
2315,"3000703260","SUB","Yuhua",2018-05-27,NA,8,1,"Severe","Open","INACTIVE",""
2316,"3000704497","SUB","Yuhua",2018-03-06,NA,90,2,"Severe","Open","INACTIVE",""
2319,"3000699017","SUB","Yuhua",2018-06-02,NA,2,19,"Severe","Open","INACTIVE",""
2323,"3000703292","SUB","Yuhua",2018-05-17,NA,18,4,"Severe","Open","INACTIVE",""
2328,"3003304978","SUB","Yuhua",2018-05-07,NA,28,11,"Critical","Open","INACTIVE",""
2350,"3003303762","SUB","Yuhua",2018-03-06,NA,90,10,"Critical","Open","INACTIVE",""
2352,"3003305335","SUB","Yuhua",2018-03-09,NA,87,1,"Severe","Open","INACTIVE",""
2353,"3003306043","SUB","Yuhua",2018-04-12,NA,53,19,"Critical","Open","INACTIVE",""
2348,"3003307258","SUB","Yuhua",2018-04-08,NA,57,9,"Severe","Open","INACTIVE",""
255,"3100249926","SUB","Punggol",2018-05-23,NA,12,5,"Severe","Open","ACTIVE",""
464,"3100159643","SUB","Punggol",2018-05-06,NA,29,1,"Severe","Open","INACTIVE",""
1775,"3004521205","SUB","Punggol",2018-05-11,NA,24,2.67,"Severe","Open","INACTIVE",""
149,"3004521715","SUB","Punggol",2017-03-08,2017-03-14,7,140,"Critical","Close","INACTIVE",""
132,"3004521979","SUB","Punggol",2017-02-04,2017-02-27,24,3.33,"Severe","Close","INACTIVE",""
132,"3004521979","SUB","Punggol",2017-10-14,2018-01-25,104,7.67,"Severe","Close","INACTIVE",""
132,"3004521979","SUB","Punggol",2018-02-05,2018-02-23,19,30.33,"Critical","Close","INACTIVE",""
31,"3004478742","SUB","Punggol",2016-03-10,2016-03-13,4,2,"Moderate","Close","INACTIVE",""
31,"3004478742","SUB","Punggol",2016-04-01,2016-04-14,14,2.33,"Severe","Close","INACTIVE",""
31,"3004478742","SUB","Punggol",2016-04-26,2016-10-06,164,9,"Severe","Close","INACTIVE",""
31,"3004478742","SUB","Punggol",2017-03-15,2017-03-24,10,2.33,"Severe","Close","INACTIVE",""
31,"3004478742","SUB","Punggol",2017-04-19,2017-04-24,6,1.33,"Severe","Close","INACTIVE",""
31,"3004478742","SUB","Punggol",2017-07-29,2017-08-04,7,2.67,"Severe","Close","INACTIVE",""
31,"3004478742","SUB","Punggol",2017-08-14,2017-08-24,11,2.33,"Severe","Close","INACTIVE",""
31,"3004478742","SUB","Punggol",2017-09-21,2017-09-28,8,4,"Severe","Close","INACTIVE",""
31,"3004478742","SUB","Punggol",2017-09-03,2017-09-14,12,2.67,"Severe","Close","INACTIVE",""
31,"3004478742","SUB","Punggol",2017-11-26,2017-12-23,28,1.33,"Severe","Close","INACTIVE",""
31,"3004478742","SUB","Punggol",2018-01-08,2018-01-15,8,3.33,"Severe","Close","INACTIVE",""
31,"3004478742","SUB","Punggol",2017-11-07,2017-11-23,17,4.67,"Severe","Close","INACTIVE",""
31,"3004478742","SUB","Punggol",2018-01-18,2018-01-25,8,4.33,"Severe","Close","INACTIVE",""
31,"3004478742","SUB","Punggol",2018-01-28,2018-02-07,11,19.67,"Critical","Close","INACTIVE",""
35,"3004479927","SUB","Punggol",2016-12-31,2017-01-05,6,3,"Severe","Close","INACTIVE",""
35,"3004479927","SUB","Punggol",2017-02-08,2017-02-14,7,1,"Severe","Close","INACTIVE",""
35,"3004479927","SUB","Punggol",2017-02-18,2017-02-22,5,2,"Severe","Close","INACTIVE",""
35,"3004479927","SUB","Punggol",2017-03-04,2017-03-13,10,2,"Severe","Close","INACTIVE",""
35,"3004479927","SUB","Punggol",2017-04-03,2017-04-06,4,1,"Moderate","Close","INACTIVE",""
35,"3004479927","SUB","Punggol",2017-06-24,2017-06-29,6,1,"Severe","Close","ACTIVE",""
175,"3004522297","SUB","Punggol",2016-05-16,2016-06-08,24,1.67,"Severe","Close","INACTIVE",""
301,"3100250306","SUB","Punggol",2017-03-27,2017-03-30,4,1,"Moderate","Close","INACTIVE",""
301,"3100250306","SUB","Punggol",2018-05-18,2018-05-23,6,3.33,"Severe","Close","INACTIVE",""
1841,"3003289696","SUB","Yuhua",2018-03-21,2018-04-01,12,2,"Severe","Close","INACTIVE",""
1841,"3003289696","SUB","Yuhua",2018-04-05,2018-04-18,14,6,"Severe","Close","INACTIVE",""
166,"3004521473","SUB","Punggol",2016-03-08,2016-05-13,67,10.33,"Critical","Close","INACTIVE",""
316,"3005448483","SUB","Punggol",2016-06-10,2016-07-02,23,2,"Severe","Close","INACTIVE",""
246,"3100250338","SUB","Punggol",2018-04-01,2018-04-08,8,1,"Severe","Close","INACTIVE",""
310,"3005448479","SUB","Punggol",2016-09-01,2016-09-22,22,21,"Critical","Close","INACTIVE",""
310,"3005448479","SUB","Punggol",2016-09-30,2016-10-03,4,2.67,"Moderate","Close","INACTIVE",""
2067,"3000979395","SUB","Yuhua",2018-03-14,2018-03-17,4,2,"Moderate","Close","INACTIVE",""
2092,"3001053298","SUB","Yuhua",2018-05-11,2018-05-17,7,1,"Severe","Close","INACTIVE",""
159,"3004521172","SUB","Punggol",2016-03-15,2016-04-21,38,9,"Severe","Close","INACTIVE",""
2090,"3001049844","SUB","Yuhua",2018-03-17,2018-03-21,5,1,"Severe","Close","INACTIVE",""
2090,"3001049844","SUB","Yuhua",2018-04-02,2018-04-14,13,1,"Severe","Close","INACTIVE",""
2090,"3001049844","SUB","Yuhua",2018-05-10,2018-05-25,16,3,"Severe","Close","INACTIVE",""
1856,"3003288220","SUB","Yuhua",2018-03-14,2018-03-18,5,3,"Severe","Close","INACTIVE",""
1856,"3003288220","SUB","Yuhua",2018-03-25,2018-03-29,5,5,"Severe","Close","INACTIVE",""
27,"3004479266","SUB","Punggol",2016-03-14,2016-05-02,50,30.67,"Critical","Close","INACTIVE",""
2145,"3003483644","SUB","Yuhua",2018-03-29,2018-06-01,65,2,"Severe","Close","INACTIVE",""
1863,"3003286308","SUB","Yuhua",2018-04-11,2018-04-24,14,6,"Severe","Close","INACTIVE",""
2156,"3003486232","SUB","Yuhua",2018-04-20,2018-04-27,8,3,"Severe","Close","INACTIVE",""
1867,"3003286319","SUB","Yuhua",2018-03-06,2018-05-11,67,4,"Severe","Close","INACTIVE",""
1868,"3003288264","SUB","Yuhua",2018-04-05,2018-04-20,16,7,"Severe","Close","INACTIVE",""
26,"3004478970","SUB","Punggol",2016-04-07,2016-04-10,4,4,"Moderate","Close","INACTIVE",""
26,"3004478970","SUB","Punggol",2016-05-13,2016-05-20,8,5.33,"Severe","Close","INACTIVE",""
40,"3004479690","SUB","Punggol",2016-12-12,2016-12-17,6,7,"Severe","Close","INACTIVE",""
40,"3004479690","SUB","Punggol",2017-02-11,2017-02-14,4,1,"Moderate","Close","INACTIVE",""
2446,"3005448783","SUB","Punggol",2018-05-01,2018-05-04,4,1.33,"Moderate","Close","INACTIVE",""
1892,"3003289147","SUB","Yuhua",2018-04-10,2018-04-16,7,2,"Severe","Close","INACTIVE",""
2189,"3001103428","SUB","Yuhua",2018-03-22,2018-03-28,7,1,"Severe","Close","INACTIVE",""
2189,"3001103428","SUB","Yuhua",2018-05-07,2018-05-10,4,1,"Moderate","Close","INACTIVE",""
2189,"3001103428","SUB","Yuhua",2018-05-28,2018-06-02,6,1,"Severe","Close","INACTIVE",""
179,"3004521783","SUB","Punggol",2016-05-05,2016-05-08,4,1.33,"Moderate","Close","INACTIVE",""
179,"3004521783","SUB","Punggol",2016-06-02,2016-06-07,6,3,"Severe","Close","INACTIVE",""
179,"3004521783","SUB","Punggol",2016-06-29,2016-07-11,13,1.67,"Severe","Close","INACTIVE",""
179,"3004521783","SUB","Punggol",2016-07-19,2016-07-30,12,1.33,"Severe","Close","INACTIVE",""
179,"3004521783","SUB","Punggol",2016-09-10,2016-09-13,4,7,"Moderate","Close","INACTIVE",""
179,"3004521783","SUB","Punggol",2016-09-28,2016-10-04,7,3.33,"Severe","Close","INACTIVE",""
179,"3004521783","SUB","Punggol",2016-10-07,2016-11-19,44,4.67,"Severe","Close","INACTIVE",""
1907,"3003286947","SUB","Yuhua",2018-03-14,2018-04-01,19,3,"Severe","Close","INACTIVE",""
1907,"3003286947","SUB","Yuhua",2018-04-14,2018-04-18,5,1,"Severe","Close","INACTIVE",""
1907,"3003286947","SUB","Yuhua",2018-05-01,2018-05-28,28,3,"Severe","Close","INACTIVE",""
19,"3004478696","SUB","Punggol",2016-05-08,2016-05-11,4,88,"Severe","Close","INACTIVE",""
112,"3004521285","SUB","Punggol",2016-10-15,2016-10-18,4,2,"Moderate","Close","INACTIVE",""
112,"3004521285","SUB","Punggol",2016-12-12,2017-01-26,46,2,"Severe","Close","INACTIVE",""
1910,"3003293297","SUB","Yuhua",2018-03-06,2018-03-20,15,3,"Severe","Close","INACTIVE",""
1910,"3003293297","SUB","Yuhua",2018-04-27,2018-05-04,8,7,"Severe","Close","INACTIVE",""
1923,"3003286998","SUB","Yuhua",2018-04-21,2018-04-24,4,1,"Moderate","Close","INACTIVE",""
1924,"3003289668","SUB","Yuhua",2018-03-10,2018-03-14,5,1,"Severe","Close","INACTIVE",""
15,"3004479207","SUB","Punggol",2016-03-21,2016-03-25,5,12,"Critical","Close","INACTIVE",""
15,"3004479207","SUB","Punggol",2016-03-29,2016-04-17,20,12,"Critical","Close","INACTIVE",""
15,"3004479207","SUB","Punggol",2016-05-08,2016-05-13,6,12,"Critical","Close","INACTIVE",""
81,"3004479481","SUB","Punggol",2016-03-08,2016-04-21,45,47.33,"Critical","Close","INACTIVE",""
82,"3004479816","SUB","Punggol",2017-08-02,2017-08-06,5,1,"Severe","Close","INACTIVE",""
2329,"3003305397","SUB","Yuhua",2018-05-01,2018-05-04,4,23,"Severe","Close","INACTIVE",""
2337,"3003306015","SUB","Yuhua",2018-04-18,2018-04-27,10,2,"Severe","Close","INACTIVE",""
42,"3004480243","SUB","Punggol",2017-02-28,2017-05-27,89,1,"Severe","Close","INACTIVE",""
210,"3100250082","SUB","Punggol",2018-04-14,2018-04-19,6,1,"Severe","Close","INACTIVE",""
210,"3100250082","SUB","Punggol",2018-04-27,2018-05-14,18,1,"Severe","Close","INACTIVE",""
211,"3100250142","SUB","Punggol",2016-08-23,2016-09-01,10,1,"Severe","Close","INACTIVE",""
282,"3100250118","SUB","Punggol",2017-08-15,2017-09-02,19,1,"Severe","Close","INACTIVE",""
2366,"3003304315","SUB","Yuhua",2018-04-24,2018-04-27,4,1,"Moderate","Close","INACTIVE",""
2374,"3003304336","SUB","Yuhua",2018-03-24,2018-04-18,26,2,"Severe","Close","INACTIVE",""
2374,"3003304336","SUB","Yuhua",2018-04-27,2018-05-14,18,1,"Severe","Close","INACTIVE",""
49,"3004478784","SUB","Punggol",2016-03-08,2016-04-22,46,43,"Critical","Close","INACTIVE",""
49,"3004478784","SUB","Punggol",2017-07-07,2017-07-10,4,1,"Moderate","Close","ACTIVE",""
49,"3004478784","SUB","Punggol",2017-11-13,2017-11-22,10,1.67,"Severe","Close","ACTIVE",""
49,"3004478784","SUB","Punggol",2017-11-25,2017-12-05,11,2,"Severe","Close","ACTIVE",""
2007,"3003367728","SUB","Yuhua",2018-04-30,2018-05-09,10,2,"Severe","Close","INACTIVE",""
1903,"3003286941","SUB","Yuhua",2018-04-15,2018-04-19,5,2,"Severe","Close","INACTIVE",""
1904,"3003289183","SUB","Yuhua",2018-03-18,2018-03-21,4,3,"Moderate","Close","INACTIVE",""
1904,"3003289183","SUB","Yuhua",2018-04-03,2018-04-14,12,5,"Severe","Close","INACTIVE",""
83,"3004480078","SUB","Punggol",2017-12-29,2018-01-04,7,2,"Severe","Close","ACTIVE",""
143,"3004521705","SUB","Punggol",2016-09-27,2016-09-30,4,3.67,"Moderate","Close","INACTIVE",""
164,"3004520911","SUB","Punggol",2017-12-19,2017-12-31,13,10.33,"Critical","Close","INACTIVE",""
164,"3004520911","SUB","Punggol",2018-01-06,2018-02-19,45,10.67,"Critical","Close","INACTIVE",""
165,"3004521189","SUB","Punggol",2016-03-15,2016-03-28,14,4,"Severe","Close","INACTIVE",""
165,"3004521189","SUB","Punggol",2016-06-10,2016-06-15,6,1.67,"Severe","Close","INACTIVE",""
165,"3004521189","SUB","Punggol",2016-06-18,2016-06-26,9,1.33,"Severe","Close","INACTIVE",""
165,"3004521189","SUB","Punggol",2016-07-21,2016-08-12,23,3.33,"Severe","Close","INACTIVE",""
165,"3004521189","SUB","Punggol",2016-08-15,2016-09-21,38,2,"Severe","Close","INACTIVE",""
165,"3004521189","SUB","Punggol",2016-10-30,2017-02-27,121,5.33,"Severe","Close","INACTIVE",""
34,"3004479661","SUB","Punggol",2016-03-08,2016-05-01,55,29.67,"Critical","Close","INACTIVE",""
34,"3004479661","SUB","Punggol",2017-01-16,2017-02-27,43,7,"Severe","Close","INACTIVE",""
34,"3004479661","SUB","Punggol",2017-06-29,2017-07-12,14,2,"Severe","Close","ACTIVE",""
34,"3004479661","SUB","Punggol",2018-01-10,2018-01-21,12,1,"Severe","Close","ACTIVE",""
34,"3004479661","SUB","Punggol",2018-01-29,2018-02-25,28,1.33,"Severe","Close","ACTIVE",""
2126,"3003487450","SUB","Yuhua",2018-05-24,2018-05-30,7,2,"Severe","Close","INACTIVE",""
98,"3004521824","SUB","Punggol",2016-05-11,2016-06-01,22,1,"Severe","Close","INACTIVE",""
98,"3004521824","SUB","Punggol",2016-06-04,2017-01-30,241,6.33,"Severe","Close","INACTIVE",""
157,"3004522256","SUB","Punggol",2016-04-09,2016-04-16,8,2,"Severe","Close","INACTIVE",""
240,"3100249978","SUB","Punggol",2016-05-05,2016-05-20,16,1,"Severe","Close","INACTIVE",""
240,"3100249978","SUB","Punggol",2016-05-28,2016-06-07,11,4,"Severe","Close","INACTIVE",""
240,"3100249978","SUB","Punggol",2017-11-13,2017-11-16,4,14,"Severe","Close","INACTIVE",""
240,"3100249978","SUB","Punggol",2018-01-08,2018-01-20,13,1,"Severe","Close","INACTIVE",""
366,"3005448643","SUB","Punggol",2017-01-20,2017-01-24,5,6.67,"Severe","Close","INACTIVE",""
93,"3004521518","SUB","Punggol",2016-12-04,2016-12-10,7,1,"Severe","Close","INACTIVE",""
93,"3004521518","SUB","Punggol",2016-12-19,2017-01-03,16,1.67,"Severe","Close","INACTIVE",""
93,"3004521518","SUB","Punggol",2018-03-22,2018-04-18,28,1,"Severe","Close","ACTIVE",""
123,"3004521085","SUB","Punggol",2017-01-05,2017-01-08,4,4,"Moderate","Close","INACTIVE",""
123,"3004521085","SUB","Punggol",2017-09-28,2017-10-13,16,1,"Severe","Close","ACTIVE",""
123,"3004521085","SUB","Punggol",2018-04-14,2018-04-22,9,1,"Severe","Close","ACTIVE",""
123,"3004521085","SUB","Punggol",2018-01-10,2018-03-13,63,5,"Severe","Close","ACTIVE",""
123,"3004521085","SUB","Punggol",2018-03-20,2018-03-23,4,1.67,"Moderate","Close","ACTIVE",""
139,"3004522216","SUB","Punggol",2016-06-20,2016-07-02,13,2,"Severe","Close","INACTIVE",""
139,"3004522216","SUB","Punggol",2016-07-06,2016-07-20,15,3,"Severe","Close","INACTIVE",""
101,"3004521564","SUB","Punggol",2016-03-09,2016-03-25,17,18.67,"Critical","Close","INACTIVE",""
101,"3004521564","SUB","Punggol",2016-03-28,2016-04-20,24,21.33,"Critical","Close","INACTIVE",""
110,"3004520724","SUB","Punggol",2016-03-09,2016-04-27,50,30.67,"Critical","Close","INACTIVE",""
113,"3004521613","SUB","Punggol",2016-03-09,2017-06-21,470,22.67,"Critical","Close","INACTIVE",""
2105,"3003483046","SUB","Yuhua",2018-04-22,2018-05-15,24,92,"Critical","Close","INACTIVE",""
2101,"3001055600","SUB","Yuhua",2018-05-12,2018-05-17,6,1,"Severe","Close","INACTIVE",""
2162,"3003484718","SUB","Yuhua",2018-04-13,2018-04-17,5,1,"Severe","Close","INACTIVE",""
2198,"3001098882","SUB","Yuhua",2018-05-13,2018-05-18,6,1,"Severe","Close","INACTIVE",""
2165,"3003487410","SUB","Yuhua",2018-04-11,2018-04-14,4,1,"Moderate","Close","INACTIVE",""
2165,"3003487410","SUB","Yuhua",2018-04-24,2018-04-27,4,3,"Moderate","Close","INACTIVE",""
2165,"3003487410","SUB","Yuhua",2018-05-21,2018-05-27,7,7,"Severe","Close","INACTIVE",""
2193,"3001108193","SUB","Yuhua",2018-03-29,2018-04-03,6,1,"Severe","Close","INACTIVE",""
2193,"3001108193","SUB","Yuhua",2018-04-30,2018-05-06,7,1,"Severe","Close","INACTIVE",""
2211,"3003506321","SUB","Yuhua",2018-05-22,2018-05-27,6,1,"Severe","Close","INACTIVE",""
2249,"3003505641","SUB","Yuhua",2018-03-29,2018-04-08,11,2,"Severe","Close","INACTIVE",""
2307,"3000703248","SUB","Yuhua",2018-03-12,2018-03-18,7,14,"Critical","Close","INACTIVE",""
2307,"3000703248","SUB","Yuhua",2018-03-26,2018-04-23,29,1,"Severe","Close","INACTIVE",""
2307,"3000703248","SUB","Yuhua",2018-04-27,2018-05-02,6,11,"Critical","Close","INACTIVE",""
2308,"3000704470","SUB","Yuhua",2018-03-07,2018-03-10,4,1,"Moderate","Close","INACTIVE",""
2315,"3000703260","SUB","Yuhua",2018-04-27,2018-05-01,5,1,"Severe","Close","INACTIVE",""
2317,"3000705689","SUB","Yuhua",2018-03-08,2018-03-12,5,2,"Severe","Close","INACTIVE",""
2327,"3003304361","SUB","Yuhua",2018-04-24,2018-04-28,5,57,"Critical","Close","INACTIVE",""
2328,"3003304978","SUB","Yuhua",2018-03-10,2018-03-13,4,5,"Moderate","Close","INACTIVE",""
2328,"3003304978","SUB","Yuhua",2018-04-23,2018-05-04,12,3,"Severe","Close","INACTIVE",""
2297,"3000700257","SUB","Yuhua",2018-04-04,2018-04-12,9,111,"Critical","Close","INACTIVE",""
2353,"3003306043","SUB","Yuhua",2018-03-13,2018-03-24,12,1,"Severe","Close","INACTIVE",""
2353,"3003306043","SUB","Yuhua",2018-03-27,2018-04-06,11,1,"Severe","Close","INACTIVE",""
2386,"3000726669","SUB","Yuhua",2018-05-14,2018-05-18,5,1,"Severe","Close","INACTIVE",""
117,"3004521061","SUB","Punggol",2016-04-24,2016-05-13,20,1.33,"Severe","Close","INACTIVE",""
117,"3004521061","SUB","Punggol",2016-08-22,2016-09-11,21,15.33,"Critical","Close","INACTIVE",""
117,"3004521061","SUB","Punggol",2017-04-23,2017-05-01,9,4,"Severe","Close","INACTIVE",""
94,"3004521803","SUB","Punggol",2016-03-12,2016-07-11,122,2.67,"Severe","Close","INACTIVE",""
94,"3004521803","SUB","Punggol",2016-07-19,2017-03-31,256,18.33,"Critical","Close","INACTIVE",""
94,"3004521803","SUB","Punggol",2017-05-03,2017-07-20,79,22.33,"Critical","Close","INACTIVE",""
22,"3004479606","SUB","Punggol",2018-05-06,2018-05-14,9,3.33,"Severe","Close","INACTIVE",""
33,"3004479278","SUB","Punggol",2017-05-02,2017-06-01,31,1,"Severe","Close","INACTIVE",""
33,"3004479278","SUB","Punggol",2017-06-22,2017-06-28,7,2,"Severe","Close","INACTIVE",""
46,"3004479721","SUB","Punggol",2016-03-12,2016-03-26,15,5.67,"Severe","Close","INACTIVE",""
46,"3004479721","SUB","Punggol",2016-04-03,2017-02-12,316,5,"Severe","Close","INACTIVE",""
68,"3004479091","SUB","Punggol",2016-03-09,2016-04-20,43,14.67,"Critical","Close","INACTIVE",""
1,"3004478638","SUB","Punggol",2017-10-24,2017-11-17,25,22.33,"Critical","Close","INACTIVE",""
11,"3004479870","SUB","Punggol",2017-02-26,2017-03-08,11,1,"Severe","Close","INACTIVE",""
11,"3004479870","SUB","Punggol",2017-06-25,2017-07-24,30,2,"Severe","Close","ACTIVE",""
11,"3004479870","SUB","Punggol",2017-07-27,2017-09-04,40,2.67,"Severe","Close","ACTIVE",""
16,"3004479584","SUB","Punggol",2017-12-04,2017-12-07,4,1,"Moderate","Close","ACTIVE",""
18,"3004480168","SUB","Punggol",2016-05-21,2016-05-24,4,1,"Moderate","Close","INACTIVE",""
18,"3004480168","SUB","Punggol",2016-05-27,2016-07-02,37,1.67,"Severe","Close","INACTIVE",""
111,"3004521048","SUB","Punggol",2017-02-12,2017-03-01,18,3,"Severe","Close","INACTIVE",""
111,"3004521048","SUB","Punggol",2017-10-22,2017-10-25,4,1.33,"Moderate","Close","ACTIVE",""
111,"3004521048","SUB","Punggol",2017-11-30,2017-12-04,5,4.33,"Severe","Close","ACTIVE",""
44,"3004479020","SUB","Punggol",2017-02-03,2017-02-06,4,1,"Moderate","Close","INACTIVE",""
44,"3004479020","SUB","Punggol",2017-03-14,2017-05-20,68,2.67,"Severe","Close","INACTIVE",""
51,"3004479342","SUB","Punggol",2016-10-16,2016-10-24,9,1.33,"Severe","Close","INACTIVE",""
51,"3004479342","SUB","Punggol",2016-11-07,2016-11-10,4,1.33,"Moderate","Close","INACTIVE",""
51,"3004479342","SUB","Punggol",2016-11-14,2016-11-19,6,1.33,"Severe","Close","INACTIVE",""
51,"3004479342","SUB","Punggol",2016-12-01,2017-02-25,87,2,"Severe","Close","INACTIVE",""
51,"3004479342","SUB","Punggol",2017-05-07,2017-05-10,4,1,"Moderate","Close","INACTIVE",""
51,"3004479342","SUB","Punggol",2017-05-13,2017-05-16,4,1,"Moderate","Close","INACTIVE",""
51,"3004479342","SUB","Punggol",2017-06-14,2017-06-18,5,1,"Severe","Close","INACTIVE",""
51,"3004479342","SUB","Punggol",2017-06-21,2017-06-29,9,1,"Severe","Close","INACTIVE",""
51,"3004479342","SUB","Punggol",2017-09-04,2017-09-11,8,1,"Severe","Close","ACTIVE",""
51,"3004479342","SUB","Punggol",2017-09-17,2017-10-17,31,1,"Severe","Close","ACTIVE",""
51,"3004479342","SUB","Punggol",2017-10-25,2017-11-26,33,1.33,"Severe","Close","ACTIVE",""
108,"3004521867","SUB","Punggol",2016-10-24,2016-10-29,6,18.33,"Critical","Close","INACTIVE",""
152,"3004520880","SUB","Punggol",2018-02-02,2018-02-05,4,10.33,"Severe","Close","INACTIVE",""
152,"3004520880","SUB","Punggol",2018-01-24,2018-01-29,6,8,"Severe","Close","INACTIVE",""
162,"3004522058","SUB","Punggol",2016-07-02,2016-07-08,7,1.67,"Severe","Close","INACTIVE",""
162,"3004522058","SUB","Punggol",2018-01-20,2018-01-25,6,1.67,"Severe","Close","ACTIVE",""
200,"3100249958","SUB","Punggol",2016-12-02,2016-12-07,6,102.67,"Critical","Close","INACTIVE",""
231,"3100249914","SUB","Punggol",2017-04-12,2017-04-16,5,2,"Severe","Close","INACTIVE",""
231,"3100249914","SUB","Punggol",2017-04-24,2017-05-04,11,2,"Severe","Close","INACTIVE",""
231,"3100249914","SUB","Punggol",2017-05-15,2017-05-20,6,2,"Severe","Close","INACTIVE",""
231,"3100249914","SUB","Punggol",2017-05-23,2017-07-02,41,1.33,"Severe","Close","INACTIVE",""
255,"3100249926","SUB","Punggol",2018-03-18,2018-03-30,13,4,"Severe","Close","ACTIVE",""
279,"3100249938","SUB","Punggol",2016-07-13,2016-07-20,8,3.33,"Severe","Close","INACTIVE",""
305,"3005448539","SUB","Punggol",2017-09-25,2017-09-28,4,30.67,"Severe","Close","ACTIVE",""
426,"3100159759","SUB","Punggol",2016-03-14,2016-04-22,40,5.33,"Severe","Close","INACTIVE",""
413,"3100159955","SUB","Punggol",2016-04-26,2016-05-10,15,2,"Severe","Close","INACTIVE",""
413,"3100159955","SUB","Punggol",2017-12-04,2017-12-07,4,5,"Moderate","Close","INACTIVE",""
413,"3100159955","SUB","Punggol",2017-12-21,2017-12-24,4,3.33,"Moderate","Close","INACTIVE",""
419,"3100159823","SUB","Punggol",2017-05-13,2017-05-24,12,1,"Severe","Close","INACTIVE",""
421,"3100159959","SUB","Punggol",2017-03-14,2017-03-25,12,2.67,"Severe","Close","INACTIVE",""
421,"3100159959","SUB","Punggol",2017-03-29,2017-04-13,16,1,"Severe","Close","INACTIVE",""
422,"3100159491","SUB","Punggol",2016-07-04,2016-07-08,5,1,"Severe","Close","INACTIVE",""
422,"3100159491","SUB","Punggol",2016-08-11,2016-08-14,4,1,"Moderate","Close","INACTIVE",""
422,"3100159491","SUB","Punggol",2016-08-19,2016-08-27,9,1,"Severe","Close","INACTIVE",""
422,"3100159491","SUB","Punggol",2016-09-05,2016-09-09,5,1.33,"Severe","Close","INACTIVE",""
422,"3100159491","SUB","Punggol",2016-09-13,2016-09-28,16,1,"Severe","Close","INACTIVE",""
422,"3100159491","SUB","Punggol",2016-11-09,2016-11-12,4,1,"Moderate","Close","INACTIVE",""
422,"3100159491","SUB","Punggol",2016-12-29,2017-01-18,21,1,"Severe","Close","INACTIVE",""
422,"3100159491","SUB","Punggol",2017-02-07,2017-02-28,22,1,"Severe","Close","INACTIVE",""
422,"3100159491","SUB","Punggol",2017-03-20,2017-03-23,4,1,"Moderate","Close","INACTIVE",""
422,"3100159491","SUB","Punggol",2017-03-27,2017-04-01,6,1,"Severe","Close","INACTIVE",""
422,"3100159491","SUB","Punggol",2017-04-19,2017-04-28,10,1,"Severe","Close","INACTIVE",""
422,"3100159491","SUB","Punggol",2017-06-26,2017-07-01,6,1,"Severe","Close","INACTIVE",""
422,"3100159491","SUB","Punggol",2017-07-13,2017-08-01,20,1,"Severe","Close","INACTIVE",""
422,"3100159491","SUB","Punggol",2017-10-17,2017-10-21,5,1,"Severe","Close","INACTIVE",""
422,"3100159491","SUB","Punggol",2017-12-23,2017-12-26,4,1.33,"Moderate","Close","INACTIVE",""
422,"3100159491","SUB","Punggol",2018-01-18,2018-01-21,4,1,"Moderate","Close","INACTIVE",""
422,"3100159491","SUB","Punggol",2018-04-20,2018-05-02,13,1.33,"Severe","Close","INACTIVE",""
422,"3100159491","SUB","Punggol",2018-01-24,2018-02-06,14,1,"Severe","Close","INACTIVE",""
422,"3100159491","SUB","Punggol",2018-03-03,2018-03-07,5,1,"Severe","Close","INACTIVE",""
422,"3100159491","SUB","Punggol",2018-05-11,2018-05-16,6,1.33,"Severe","Close","INACTIVE",""
442,"3100159767","SUB","Punggol",2018-04-11,2018-04-14,4,3,"Moderate","Close","INACTIVE",""
475,"3100159851","SUB","Punggol",2016-03-13,2016-03-19,7,8.67,"Severe","Close","INACTIVE",""
475,"3100159851","SUB","Punggol",2017-07-02,2017-07-06,5,1,"Severe","Close","INACTIVE",""
464,"3100159643","SUB","Punggol",2016-12-05,2016-12-08,4,4.67,"Moderate","Close","INACTIVE",""
464,"3100159643","SUB","Punggol",2017-01-01,2017-01-08,8,2.33,"Severe","Close","INACTIVE",""
464,"3100159643","SUB","Punggol",2018-04-11,2018-05-03,23,1,"Severe","Close","INACTIVE",""
464,"3100159643","SUB","Punggol",2018-03-29,2018-04-02,5,1,"Severe","Close","INACTIVE",""
522,"3100159807","SUB","Punggol",2017-11-06,2017-11-10,5,2.33,"Severe","Close","ACTIVE",""
522,"3100159807","SUB","Punggol",2017-11-17,2017-12-05,19,5,"Severe","Close","ACTIVE",""
543,"3004521276","SUB","Punggol",2016-10-30,2016-11-25,27,2,"Severe","Close","INACTIVE",""
543,"3004521276","SUB","Punggol",2016-11-29,2016-12-21,23,1,"Severe","Close","INACTIVE",""
543,"3004521276","SUB","Punggol",2017-01-09,2017-01-28,20,1.33,"Severe","Close","INACTIVE",""
543,"3004521276","SUB","Punggol",2017-02-04,2017-02-13,10,2,"Severe","Close","INACTIVE",""
543,"3004521276","SUB","Punggol",2017-02-19,2017-03-19,29,1.67,"Severe","Close","INACTIVE",""
543,"3004521276","SUB","Punggol",2017-04-02,2017-04-12,11,4.33,"Severe","Close","INACTIVE",""
543,"3004521276","SUB","Punggol",2017-05-30,2017-06-03,5,3.33,"Severe","Close","INACTIVE",""
543,"3004521276","SUB","Punggol",2017-11-28,2017-12-02,5,1,"Severe","Close","ACTIVE",""
1798,"3004521109","SUB","Punggol",2017-09-06,2017-11-26,82,96.67,"Critical","Close","INACTIVE",""
1807,"3004478755","SUB","Punggol",2017-09-24,2017-09-27,4,1,"Moderate","Close","INACTIVE",""
